name,xmin1,ymin1,xmax1,ymax1,xmin2,ymin2,xmax2,ymax2,xmin3,ymin3,xmax3,ymax3,xmin4,ymin4,xmax4,ymax4,xmin5,ymin5,xmax5,ymax5,xmin6,ymin6,xmax6,ymax6,xmin7,ymin7,xmax7,ymax7,xmin8,ymin8,xmax8,ymax8,xmin9,ymin9,xmax9,ymax9,xmin10,ymin10,xmax10,ymax10,xmin11,ymin11,xmax11,ymax11,xmin12,ymin12,xmax12,ymax12,xmin13,ymin13,xmax13,ymax13,xmin14,ymin14,xmax14,ymax14,xmin15,ymin15,xmax15,ymax15,xmin16,ymin16,xmax16,ymax16,xmin17,ymin17,xmax17,ymax17,xmin18,ymin18,xmax18,ymax18,xmin19,ymin19,xmax19,ymax19,xmin20,ymin20,xmax20,ymax20,xmin21,ymin21,xmax21,ymax21,xmin22,ymin22,xmax22,ymax22,xmin23,ymin23,xmax23,ymax23,xmin24,ymin24,xmax24,ymax24,xmin25,ymin25,xmax25,ymax25,xmin26,ymin26,xmax26,ymax26,xmin27,ymin27,xmax27,ymax27,xmin28,ymin28,xmax28,ymax28,xmin29,ymin29,xmax29,ymax29,xmin30,ymin30,xmax30,ymax30,xmin31,ymin31,xmax31,ymax31,xmin32,ymin32,xmax32,ymax32,xmin33,ymin33,xmax33,ymax33,xmin34,ymin34,xmax34,ymax34,xmin35,ymin35,xmax35,ymax35,xmin36,ymin36,xmax36,ymax36,xmin37,ymin37,xmax37,ymax37,xmin38,ymin38,xmax38,ymax38,xmin39,ymin39,xmax39,ymax39,xmin40,ymin40,xmax40,ymax40,xmin41,ymin41,xmax41,ymax41,xmin42,ymin42,xmax42,ymax42,xmin43,ymin43,xmax43,ymax43,xmin44,ymin44,xmax44,ymax44,xmin45,ymin45,xmax45,ymax45,xmin46,ymin46,xmax46,ymax46,xmin47,ymin47,xmax47,ymax47,xmin48,ymin48,xmax48,ymax48,xmin49,ymin49,xmax49,ymax49,xmin50,ymin50,xmax50,ymax50,xmin51,ymin51,xmax51,ymax51,xmin52,ymin52,xmax52,ymax52
C1_P02_N1_S5_1.JPG,1190,1597,1386,1881,672,1583,880,1884,1041,1604,1236,1881,1366,1601,1541,1872,866,1589,1054,1878,487,1583,696,1886,1523,1596,1699,1879,724,587,920,879,875,1105,1048,1381,691,1098,885,1379,1345.0,2036.0,1498.0,2373.0,1052.0,2057.0,1208.0,2377.0,1211.0,621.0,1369.0,916.0,922.0,601.0,1099.0,892.0,1078.0,609.0,1235.0,904.0,1514.0,2045.0,1675.0,2377.0,326.0,551.0,531.0,853.0,153.0,533.0,339.0,850.0,1210.0,2047.0,1364.0,2379.0,1353.0,624.0,1486.0,925.0,1311.0,1089.0,1445.0,1398.0,1039.0,1077.0,1191.0,1387.0,1171.0,1081.0,1319.0,1389.0,530.0,572.0,738.0,887.0,837.0,2066.0,1002.0,2377.0,1607.0,619.0,1750.0,953.0,1479.0,630.0,1611.0,936.0,1577.0,1113.0,1726.0,1415.0,289.0,1589.0,502.0,1890.0,510.0,1090.0,714.0,1379.0,659.0,2098.0,847.0,2408.0,114.0,1054.0,319.0,1361.0,,,,,,,,,,,,,,,,,,,,,,,,,,,,,,,,,,,,,,,,,,,,,,,,,,,,,,,,,,,,,,,,,,,,,,,,,,,,,,,,
C1_P02_N2_S2_1.JPG,2273,1541,2555,2194,2028,1532,2310,2197,1415,1616,1779,2181,2524,1550,2825,2187,1748,1538,2046,2205,2333,658,2587,1231,2560,658,2833,1245,2079,666,2340,1225,2819,1579,3140,2158,1820,650,2092,1224,1067.0,1609.0,1457.0,2183.0,1118.0,645.0,1481.0,1216.0,2821.0,661.0,3103.0,1242.0,698.0,1634.0,1092.0,2180.0,1498.0,663.0,1839.0,1219.0,4.0,1642.0,331.0,2186.0,333.0,608.0,760.0,1217.0,734.0,653.0,1133.0,1208.0,29.0,618.0,375.0,1191.0,310.0,1651.0,716.0,2175.0,,,,,,,,,,,,,,,,,,,,,,,,,,,,,,,,,,,,,,,,,,,,,,,,,,,,,,,,,,,,,,,,,,,,,,,,,,,,,,,,,,,,,,,,,,,,,,,,,,,,,,,,,,,,,,,,,,,,,,,,,,,,,,,,
C1_P02_N2_S3_1.JPG,1533,1869,1850,2366,1529,1040,1855,1505,912,1031,1261,1492,900,1859,1238,2415,1230,1043,1566,1510,2280,980,2531,1532,1194,1862,1535,2387,2060,984,2313,1531,1827,984,2097,1523,556,1026,926,1494,1830.0,1885.0,2162.0,2355.0,2126.0,1879.0,2432.0,2358.0,259.0,1004.0,581.0,1518.0,2680.0,1859.0,2988.0,2365.0,597.0,139.0,959.0,639.0,2500.0,969.0,2761.0,1543.0,2400.0,1852.0,2716.0,2365.0,2770.0,1004.0,3025.0,1534.0,240.0,1871.0,593.0,2421.0,942.0,154.0,1285.0,671.0,302.0,131.0,634.0,621.0,557.0,1873.0,924.0,2426.0,1268.0,181.0,1596.0,681.0,2782.0,230.0,3020.0,748.0,,,,,,,,,,,,,,,,,,,,,,,,,,,,,,,,,,,,,,,,,,,,,,,,,,,,,,,,,,,,,,,,,,,,,,,,,,,,,,,,,,,,,,,,,,,,,,,,,,,,,,,,,,,,,,,,
C1_P03_N1_S2_1.JPG,2525,1078,2779,1452,2773,1082,3019,1467,1913,1120,2164,1428,2306,1115,2563,1438,1333,1088,1525,1405,2099,1117,2351,1433,834,385,1035,672,956,1078,1126,1385,1835,387,2046,685,455,380,656,672,1222.0,389.0,1443.0,670.0,634.0,383.0,831.0,669.0,1710.0,1109.0,1954.0,1416.0,1130.0,1087.0,1307.0,1399.0,1509.0,1098.0,1713.0,1419.0,1606.0,394.0,1827.0,677.0,1439.0,390.0,1654.0,676.0,746.0,1077.0,922.0,1385.0,2212.0,409.0,2457.0,696.0,1011.0,388.0,1225.0,679.0,,,,,,,,,,,,,,,,,,,,,,,,,,,,,,,,,,,,,,,,,,,,,,,,,,,,,,,,,,,,,,,,,,,,,,,,,,,,,,,,,,,,,,,,,,,,,,,,,,,,,,,,,,,,,,,,,,,,,,,,,,,,,,,,
C1_P03_N1_S3_1.JPG,1843,1689,2049,1980,1481,1679,1674,1964,1667,1675,1866,1968,1099,1680,1299,1927,926,1678,1125,1921,1286,1674,1489,1948,553,1635,750,1939,2782,959,3026,1336,575,288,763,565,2562,965,2799,1303,738.0,1641.0,938.0,1941.0,2050.0,1688.0,2260.0,1997.0,2082.0,302.0,2290.0,581.0,357.0,1627.0,553.0,1923.0,1233.0,972.0,1408.0,1273.0,2628.0,1729.0,2839.0,2024.0,757.0,296.0,939.0,564.0,2821.0,1683.0,3060.0,2046.0,1703.0,302.0,1906.0,573.0,2433.0,1714.0,2654.0,2018.0,377.0,269.0,577.0,562.0,2216.0,1692.0,2431.0,1996.0,2342.0,992.0,2586.0,1308.0,868.0,964.0,1029.0,1266.0,1964.0,997.0,2186.0,1287.0,186.0,1621.0,388.0,1911.0,1117.0,296.0,1314.0,573.0,1883.0,302.0,2086.0,573.0,1317.0,303.0,1523.0,577.0,1587.0,979.0,1798.0,1278.0,170.0,240.0,374.0,546.0,932.0,288.0,1115.0,566.0,1070.0,969.0,1232.0,1271.0,1516.0,305.0,1716.0,584.0,,,,,,,,,,,,,,,,,,,,,,,,,,,,,,,,,,,,,,,,,,,,,,,,,,,,,,,,,,,,,,,,,,,,,,,,
C1_P03_N1_S4_1.JPG,804,1438,984,1707,233,1998,410,2286,2133,1488,2318,1750,1710,2069,1888,2345,2302,1494,2495,1757,727,2025,900,2314,2476,1484,2669,1757,873,2025,1053,2327,1953,1477,2135,1745,555,2029,734,2303,835.0,240.0,983.0,494.0,1832.0,251.0,1996.0,499.0,975.0,1453.0,1161.0,1704.0,1642.0,1470.0,1798.0,1741.0,2002.0,251.0,2180.0,494.0,1882.0,2085.0,2068.0,2357.0,2647.0,1464.0,2845.0,1767.0,328.0,1424.0,497.0,1689.0,652.0,1439.0,821.0,1713.0,477.0,1430.0,648.0,1701.0,1503.0,236.0,1677.0,502.0,998.0,236.0,1157.0,489.0,1324.0,236.0,1495.0,501.0,2395.0,2113.0,2570.0,2391.0,1198.0,2060.0,1397.0,2337.0,1484.0,1473.0,1641.0,1737.0,1806.0,1472.0,1980.0,1746.0,485.0,230.0,659.0,484.0,1132.0,1462.0,1316.0,1705.0,1367.0,2045.0,1559.0,2331.0,1306.0,1458.0,1477.0,1714.0,2206.0,2101.0,2395.0,2382.0,2353.0,237.0,2537.0,503.0,1037.0,2048.0,1238.0,2331.0,1156.0,239.0,1329.0,496.0,661.0,246.0,820.0,489.0,401.0,2015.0,578.0,2292.0,2065.0,863.0,2261.0,1131.0,2237.0,851.0,2439.0,1135.0,1664.0,245.0,1833.0,499.0,2045.0,2108.0,2236.0,2382.0,,,,,,,,,,,,,,,,,,,,,,,,,,,,,,,,,,,,,,,,,,,,
C1_P03_N1_S4_2.JPG,203,1569,352,1802,1518,1631,1665,1842,1660,1641,1809,1846,1796,1644,1949,1856,539,1111,679,1356,1448,1140,1593,1344,626,1579,776,1821,674,1110,811,1349,1993,1135,2152,1365,1384,1618,1532,1834,1068.0,1128.0,1205.0,1341.0,2126.0,1121.0,2292.0,1371.0,294.0,1115.0,437.0,1339.0,1721.0,1149.0,1887.0,1357.0,1206.0,1132.0,1335.0,1343.0,987.0,1612.0,1142.0,1829.0,405.0,1118.0,541.0,1352.0,1846.0,1144.0,2009.0,1360.0,455.0,1575.0,616.0,1810.0,344.0,1581.0,499.0,1807.0,898.0,1128.0,1041.0,1333.0,1112.0,1596.0,1271.0,1825.0,1328.0,1140.0,1462.0,1337.0,864.0,1602.0,1020.0,1823.0,724.0,1577.0,866.0,1818.0,1250.0,1598.0,1401.0,1835.0,803.0,1122.0,941.0,1339.0,202.0,614.0,323.0,850.0,1584.0,1146.0,1741.0,1345.0,1922.0,1648.0,2070.0,1860.0,,,,,,,,,,,,,,,,,,,,,,,,,,,,,,,,,,,,,,,,,,,,,,,,,,,,,,,,,,,,,,,,,,,,,,,,,,,,,,,,,,,,,,,,
C1_P03_N2_S2_1.JPG,1598,1133,1848,1523,1832,1090,2078,1524,1359,1130,1608,1531,2073,1133,2310,1538,912,1114,1155,1512,1151,1127,1389,1531,2306,1153,2551,1530,681,1119,922,1509,2552,1163,2794,1521,439,1110,700,1511,,,,,,,,,,,,,,,,,,,,,,,,,,,,,,,,,,,,,,,,,,,,,,,,,,,,,,,,,,,,,,,,,,,,,,,,,,,,,,,,,,,,,,,,,,,,,,,,,,,,,,,,,,,,,,,,,,,,,,,,,,,,,,,,,,,,,,,,,,,,,,,,,,,,,,,,,,,,,,,,,,,,,,,,
C1_P03_N2_S3_1.JPG,1086,1165,1284,1437,1674,1181,1878,1473,1479,1178,1676,1466,1846,1192,2056,1481,723,1136,917,1440,1268,1176,1467,1454,2842,1181,3094,1540,2646,1203,2895,1523,2830,422,3102,835,2044,1183,2294,1492,331.0,1128.0,523.0,1430.0,2439.0,1209.0,2688.0,1517.0,2221.0,1182.0,2465.0,1495.0,1216.0,441.0,1408.0,764.0,2595.0,430.0,2864.0,804.0,1592.0,452.0,1806.0,766.0,914.0,1152.0,1112.0,1424.0,844.0,431.0,1020.0,748.0,1340.0,1839.0,1545.0,2148.0,1983.0,461.0,2234.0,782.0,979.0,1845.0,1186.0,2134.0,1413.0,445.0,1624.0,767.0,1016.0,445.0,1183.0,759.0,519.0,1135.0,703.0,1446.0,,,,,,,,,,,,,,,,,,,,,,,,,,,,,,,,,,,,,,,,,,,,,,,,,,,,,,,,,,,,,,,,,,,,,,,,,,,,,,,,,,,,,,,,,,,,,,,,,,,,,,,,,,,,,,,,
C1_P03_N3_S2_1.JPG,824,1167,1024,1478,457,1175,656,1479,1566,1177,1797,1526,1201,1205,1417,1503,2344,1275,2574,1569,640,1179,838,1481,1364,1172,1598,1514,1314,515,1520,811,1964,1243,2178,1536,1104,518,1309,798,1768.0,1213.0,2013.0,1535.0,2560.0,1289.0,2765.0,1584.0,1708.0,530.0,1910.0,828.0,2154.0,1264.0,2380.0,1563.0,1505.0,520.0,1697.0,820.0,2083.0,543.0,2333.0,859.0,2767.0,1285.0,2955.0,1593.0,,,,,,,,,,,,,,,,,,,,,,,,,,,,,,,,,,,,,,,,,,,,,,,,,,,,,,,,,,,,,,,,,,,,,,,,,,,,,,,,,,,,,,,,,,,,,,,,,,,,,,,,,,,,,,,,,,,,,,,,,,,,,,,,,,,,,,,,,,,,
C1_P04_N1_S4_1.JPG,1407,1919,1625,2324,1809,1927,2027,2331,1598,1934,1817,2334,2003,1956,2233,2335,2424,1367,2632,1661,984,1362,1217,1693,2190,1351,2415,1682,2185,1975,2411,2331,1805,1349,2021,1694,1401,1353,1627,1695,1585.0,1365.0,1810.0,1697.0,806.0,1347.0,1024.0,1682.0,1196.0,1957.0,1421.0,2330.0,1190.0,1355.0,1412.0,1694.0,805.0,1961.0,1031.0,2331.0,1009.0,1969.0,1240.0,2334.0,586.0,1342.0,818.0,1679.0,2402.0,1960.0,2639.0,2319.0,2811.0,1354.0,3006.0,1656.0,,,,,,,,,,,,,,,,,,,,,,,,,,,,,,,,,,,,,,,,,,,,,,,,,,,,,,,,,,,,,,,,,,,,,,,,,,,,,,,,,,,,,,,,,,,,,,,,,,,,,,,,,,,,,,,,,,,,,,,,,,,,,,,,,,,,
C1_P04_N3_S3_1.JPG,2096,1819,2328,2161,2316,1817,2546,2153,1048,1754,1288,2146,1871,1805,2110,2168,1700,1109,1920,1517,1465,1116,1689,1513,1459,1762,1696,2169,832,1749,1079,2133,2322,1165,2546,1501,1248,1755,1491,2166,2730.0,1174.0,2928.0,1459.0,1905.0,1123.0,2124.0,1517.0,1044.0,1135.0,1280.0,1521.0,1683.0,1777.0,1913.0,2156.0,2094.0,1145.0,2310.0,1516.0,1248.0,1113.0,1483.0,1522.0,,,,,,,,,,,,,,,,,,,,,,,,,,,,,,,,,,,,,,,,,,,,,,,,,,,,,,,,,,,,,,,,,,,,,,,,,,,,,,,,,,,,,,,,,,,,,,,,,,,,,,,,,,,,,,,,,,,,,,,,,,,,,,,,,,,,,,,,,,,,,,,,
C1_P05_N2_S4_2.JPG,2600,1989,2842,2347,2819,1992,3056,2364,2605,1415,2844,1736,1982,2004,2219,2367,2419,1428,2658,1735,524,1997,772,2354,2823,1400,3056,1740,1590,1990,1859,2340,329,1981,567,2352,335,1377,568,1767,2208.0,2003.0,2432.0,2353.0,2213.0,1436.0,2443.0,1737.0,971.0,2002.0,1207.0,2343.0,2392.0,1984.0,2612.0,2354.0,335.0,246.0,577.0,553.0,562.0,1423.0,793.0,1754.0,1370.0,1976.0,1621.0,2343.0,2421.0,844.0,2651.0,1177.0,2620.0,842.0,2853.0,1174.0,2004.0,817.0,2221.0,1188.0,786.0,831.0,1011.0,1166.0,2001.0,1445.0,2225.0,1765.0,571.0,808.0,802.0,1166.0,338.0,805.0,586.0,1172.0,562.0,246.0,799.0,554.0,982.0,838.0,1217.0,1171.0,2447.0,235.0,2662.0,577.0,2218.0,842.0,2437.0,1176.0,745.0,2000.0,991.0,2355.0,2836.0,836.0,3059.0,1181.0,2222.0,253.0,2443.0,581.0,1592.0,1423.0,1829.0,1742.0,98.0,213.0,348.0,564.0,2006.0,239.0,2234.0,594.0,2631.0,251.0,2854.0,596.0,1374.0,1430.0,1608.0,1753.0,973.0,1438.0,1183.0,1737.0,776.0,240.0,1010.0,564.0,1614.0,820.0,1849.0,1172.0,137.0,1966.0,376.0,2357.0,,,,,,,,,,,,,,,,,,,,,,,,,,,,,,,,,,,,,,,,,,,,,,,,
C1_P05_N4_S3_1.JPG,944,1412,1199,1812,2210,1482,2466,1834,1355,1467,1624,1838,707,1435,967,1804,2435,1464,2702,1828,2671,1436,2939,1809,934,866,1166,1229,2650,867,2906,1237,1578,1465,1835,1844,1994,873,2243,1244,2445.0,857.0,2679.0,1231.0,1356.0,857.0,1602.0,1235.0,691.0,875.0,935.0,1224.0,465.0,1468.0,736.0,1820.0,2002.0,1467.0,2245.0,1856.0,2238.0,887.0,2468.0,1235.0,452.0,860.0,705.0,1232.0,1580.0,865.0,1834.0,1228.0,2870.0,861.0,3123.0,1240.0,2902.0,1411.0,3141.0,1810.0,913.0,266.0,1151.0,618.0,2468.0,261.0,2709.0,598.0,1356.0,257.0,1600.0,621.0,2240.0,265.0,2481.0,608.0,2679.0,243.0,2919.0,592.0,259.0,1435.0,517.0,1816.0,2036.0,268.0,2269.0,623.0,1574.0,257.0,1808.0,608.0,,,,,,,,,,,,,,,,,,,,,,,,,,,,,,,,,,,,,,,,,,,,,,,,,,,,,,,,,,,,,,,,,,,,,,,,,,,,,,,,,,,,,,,,,,,,,,,,
C1_P06_N1_S3_1.JPG,2446,1796,2687,2127,1413,1804,1653,2126,2151,1809,2401,2123,2678,1802,2919,2122,2824,1102,3053,1446,1687,1810,1946,2118,2596,1117,2834,1443,1180,1799,1423,2123,1937,1814,2184,2114,639,1812,896,2129,945.0,1811.0,1192.0,2125.0,2180.0,1123.0,2417.0,1441.0,135.0,1793.0,391.0,2143.0,2383.0,1104.0,2620.0,1434.0,1973.0,1119.0,2182.0,1434.0,389.0,1810.0,651.0,2132.0,2918.0,1783.0,3136.0,2134.0,678.0,1105.0,912.0,1416.0,1122.0,1104.0,1367.0,1425.0,215.0,1082.0,464.0,1410.0,902.0,1091.0,1139.0,1416.0,459.0,1084.0,709.0,1408.0,1746.0,1104.0,1985.0,1424.0,1363.0,1106.0,1619.0,1425.0,988.0,415.0,1202.0,701.0,666.0,427.0,887.0,699.0,451.0,413.0,667.0,685.0,222.0,405.0,444.0,688.0,1931.0,461.0,2153.0,746.0,2413.0,461.0,2665.0,770.0,1721.0,471.0,1940.0,741.0,1210.0,425.0,1424.0,713.0,2169.0,471.0,2377.0,754.0,2623.0,450.0,2868.0,771.0,1430.0,440.0,1654.0,724.0,2854.0,460.0,3047.0,759.0,,,,,,,,,,,,,,,,,,,,,,,,,,,,,,,,,,,,,,,,,,,,,,,,,,,,,,,,,,,,,,,,
C1_P06_N1_S4_1.JPG,1859,2024,2054,2307,2333,764,2514,1082,2380,1389,2578,1684,2143,786,2328,1076,1960,775,2144,1067,2123,1384,2321,1684,2726,756,2899,1077,1067,1386,1265,1683,2519,769,2699,1086,2237,2021,2428,2312,1456.0,1384.0,1662.0,1682.0,1771.0,767.0,1958.0,1070.0,2597.0,1391.0,2783.0,1680.0,1194.0,1957.0,1412.0,2315.0,1704.0,1378.0,1916.0,1672.0,2786.0,1390.0,2958.0,1691.0,810.0,775.0,1014.0,1056.0,1268.0,1382.0,1468.0,1688.0,961.0,1999.0,1202.0,2321.0,2047.0,2022.0,2240.0,2306.0,1927.0,1389.0,2125.0,1689.0,788.0,1381.0,989.0,1683.0,2593.0,1958.0,2828.0,2294.0,1009.0,769.0,1213.0,1068.0,562.0,2033.0,778.0,2311.0,1453.0,1962.0,1674.0,2315.0,576.0,1388.0,784.0,1679.0,2785.0,1927.0,3026.0,2299.0,1093.0,146.0,1279.0,419.0,1416.0,770.0,1633.0,1067.0,814.0,156.0,997.0,414.0,1668.0,2010.0,1865.0,2313.0,1205.0,759.0,1416.0,1065.0,349.0,1369.0,571.0,1705.0,1730.0,179.0,1937.0,436.0,1469.0,162.0,1685.0,432.0,1927.0,186.0,2131.0,456.0,2415.0,1989.0,2626.0,2297.0,352.0,2031.0,545.0,2331.0,761.0,2018.0,973.0,2313.0,2751.0,184.0,2936.0,463.0,605.0,140.0,805.0,403.0,612.0,766.0,833.0,1043.0,2369.0,225.0,2549.0,482.0,2116.0,197.0,2322.0,459.0,2553.0,194.0,2750.0,466.0,1271.0,146.0,1469.0,428.0,,,,,,,,,,,,,,,,,,,,
C1_P06_N1_S5_1.JPG,1831,667,1975,898,1640,1610,1771,1846,1555,666,1694,892,670,674,829,885,2135,652,2269,890,1975,670,2121,899,647,1146,809,1371,1135,674,1294,894,2150,206,2290,419,965,670,1130,885,2211.0,2077.0,2378.0,2304.0,1691.0,675.0,1826.0,896.0,1475.0,1609.0,1618.0,1850.0,1767.0,1615.0,1901.0,1841.0,2034.0,1123.0,2191.0,1350.0,1158.0,1138.0,1316.0,1371.0,659.0,185.0,809.0,391.0,645.0,1634.0,813.0,1853.0,2053.0,2074.0,2225.0,2305.0,1915.0,1599.0,2068.0,1840.0,1339.0,1604.0,1492.0,1853.0,1860.0,1120.0,2022.0,1353.0,1517.0,1133.0,1676.0,1360.0,870.0,182.0,1019.0,394.0,851.0,1144.0,1015.0,1365.0,1668.0,1133.0,1823.0,1358.0,1924.0,2057.0,2085.0,2303.0,1160.0,195.0,1320.0,407.0,1766.0,2064.0,1924.0,2309.0,1353.0,1133.0,1516.0,1358.0,1364.0,206.0,1520.0,412.0,811.0,665.0,968.0,880.0,1394.0,661.0,1534.0,885.0,2201.0,1556.0,2384.0,1831.0,1656.0,215.0,1817.0,419.0,481.0,2090.0,667.0,2363.0,1508.0,210.0,1668.0,416.0,1468.0,2089.0,1627.0,2338.0,1855.0,217.0,2009.0,430.0,477.0,1634.0,640.0,1860.0,1636.0,2077.0,1799.0,2320.0,480.0,1138.0,651.0,1369.0,511.0,660.0,674.0,882.0,814.0,2119.0,996.0,2374.0,649.0,2114.0,826.0,2368.0,2000.0,214.0,2147.0,423.0,348.0,1627.0,489.0,1863.0,341.0,644.0,511.0,875.0,1009.0,2102.0,1185.0,2360.0,1007.0,1136.0,1164.0,1369.0,2051.0,1581.0,2223.0,1826.0,1332.0,2066.0,1489.0,2329.0
C1_P06_N3_S3_1.JPG,1419,1447,1672,1839,434,1462,699,1859,2285,1410,2534,1815,2074,1476,2305,1818,678,1496,929,1847,2472,1426,2723,1800,1845,1497,2096,1835,1635,1454,1891,1851,2691,1463,2935,1798,909,1510,1178,1855,1187.0,1494.0,1440.0,1846.0,202.0,1533.0,464.0,1873.0,2483.0,788.0,2727.0,1134.0,1863.0,812.0,2097.0,1142.0,2080.0,810.0,2301.0,1135.0,1654.0,805.0,1894.0,1133.0,2702.0,770.0,2939.0,1126.0,2291.0,802.0,2518.0,1133.0,2925.0,728.0,3171.0,1126.0,2924.0,1474.0,3132.0,1828.0,190.0,789.0,431.0,1147.0,1435.0,728.0,1677.0,1131.0,,,,,,,,,,,,,,,,,,,,,,,,,,,,,,,,,,,,,,,,,,,,,,,,,,,,,,,,,,,,,,,,,,,,,,,,,,,,,,,,,,,,,,,,,,,,,,,,,,,,,,,,,,,,,,,,,,,,,,,,
C1_P08_N2_S4_1.JPG,803,1959,1054,2383,1463,1944,1711,2364,1684,1938,1926,2343,1033,1981,1279,2384,571,2012,835,2395,2306,1962,2545,2324,2314,1387,2547,1753,1255,1951,1485,2371,2698,1343,2932,1740,1908,1354,2136,1752,2091.0,1971.0,2347.0,2333.0,1682.0,1390.0,1923.0,1757.0,1890.0,1962.0,2147.0,2336.0,1449.0,1383.0,1687.0,1757.0,1018.0,1393.0,1273.0,1775.0,786.0,771.0,1049.0,1142.0,1033.0,769.0,1279.0,1143.0,1239.0,1355.0,1480.0,1761.0,329.0,2013.0,605.0,2411.0,2106.0,1386.0,2334.0,1760.0,550.0,752.0,798.0,1145.0,783.0,1405.0,1050.0,1759.0,68.0,693.0,327.0,1141.0,2939.0,755.0,3162.0,1133.0,2328.0,786.0,2561.0,1133.0,2738.0,770.0,2960.0,1130.0,,,,,,,,,,,,,,,,,,,,,,,,,,,,,,,,,,,,,,,,,,,,,,,,,,,,,,,,,,,,,,,,,,,,,,,,,,,,,,,,,,,,,,,,,,,,,,,,,,,,,,,,
C1_P08_N3_S3_1.JPG,1050,1495,1286,1881,2281,1459,2531,1828,2478,1429,2719,1829,580,1517,838,1906,2660,1444,2911,1819,821,1471,1063,1887,1027,913,1276,1279,2852,1447,3109,1823,1452,911,1687,1269,1681,922,1918,1267,342.0,1522.0,618.0,1919.0,1692.0,1445.0,1924.0,1843.0,810.0,910.0,1053.0,1286.0,576.0,910.0,829.0,1298.0,1240.0,879.0,1474.0,1259.0,1462.0,1468.0,1699.0,1871.0,2096.0,916.0,2318.0,1280.0,334.0,896.0,600.0,1315.0,2690.0,874.0,2921.0,1268.0,2292.0,927.0,2539.0,1276.0,1904.0,893.0,2135.0,1263.0,1257.0,1467.0,1484.0,1875.0,1877.0,1483.0,2116.0,1853.0,75.0,843.0,351.0,1320.0,2080.0,1469.0,2325.0,1818.0,2488.0,919.0,2722.0,1272.0,122.0,1490.0,396.0,1908.0,2874.0,858.0,3116.0,1261.0,,,,,,,,,,,,,,,,,,,,,,,,,,,,,,,,,,,,,,,,,,,,,,,,,,,,,,,,,,,,,,,,,,,,,,,,,,,,,,,,,,,,,,,,,,,,,,,,
C1_P10_N1_S3_1.JPG,2447,1754,2720,2158,2701,1713,2999,2179,1689,1766,1955,2155,1192,1724,1474,2165,1938,1770,2204,2152,2194,1769,2453,2145,1975,997,2239,1337,728,1777,992,2158,2214,963,2488,1341,2458,885,2741,1346,1723.0,1017.0,1989.0,1349.0,2707.0,881.0,3008.0,1334.0,1485.0,997.0,1731.0,1368.0,499.0,1794.0,771.0,2177.0,1024.0,1011.0,1274.0,1384.0,259.0,1793.0,531.0,2175.0,813.0,1015.0,1047.0,1375.0,1268.0,986.0,1509.0,1372.0,588.0,1024.0,829.0,1384.0,1207.0,167.0,1470.0,580.0,799.0,250.0,1028.0,636.0,1438.0,148.0,1702.0,586.0,37.0,1748.0,274.0,2164.0,,,,,,,,,,,,,,,,,,,,,,,,,,,,,,,,,,,,,,,,,,,,,,,,,,,,,,,,,,,,,,,,,,,,,,,,,,,,,,,,,,,,,,,,,,,,,,,,,,,,,,,,,,,,,,,,,,,,
C1_P10_N1_S5_1.JPG,1401,1076,1590,1317,1594,543,1766,811,1302,594,1456,823,1118,1094,1272,1318,857,626,993,844,1593,2028,1788,2332,720,628,856,847,1147,614,1287,823,1276,1092,1437,1315,172,653,289,865,447.0,644.0,568.0,871.0,1007.0,625.0,1144.0,837.0,581.0,631.0,709.0,854.0,1290.0,1989.0,1461.0,2303.0,840.0,1561.0,986.0,1785.0,661.0,1063.0,831.0,1332.0,306.0,647.0,424.0,868.0,556.0,1937.0,727.0,2255.0,961.0,1091.0,1112.0,1321.0,1571.0,1047.0,1748.0,1330.0,1133.0,2000.0,1296.0,2296.0,1451.0,561.0,1612.0,818.0,548.0,1546.0,694.0,1779.0,1118.0,1565.0,1274.0,1788.0,393.0,1106.0,546.0,1323.0,414.0,1970.0,582.0,2267.0,1409.0,1560.0,1591.0,1804.0,286.0,1547.0,426.0,1765.0,1277.0,1568.0,1433.0,1797.0,708.0,1991.0,876.0,2268.0,849.0,2010.0,1016.0,2275.0,689.0,1555.0,834.0,1781.0,550.0,128.0,691.0,369.0,,,,,,,,,,,,,,,,,,,,,,,,,,,,,,,,,,,,,,,,,,,,,,,,,,,,,,,,,,,,,,,,,,,,,,,,,,,,
C1_P10_N2_S3_1.JPG,2591,951,2884,1355,2324,968,2615,1351,2077,973,2360,1342,636,1714,892,2100,1834,976,2102,1343,1831,1745,2111,2148,861,1710,1114,2104,1066,957,1333,1361,1095,1718,1366,2108,2317,1760,2620,2174,2071.0,1747.0,2363.0,2159.0,617.0,973.0,869.0,1371.0,1560.0,978.0,1826.0,1354.0,2623.0,70.0,2913.0,507.0,2618.0,1760.0,2863.0,2148.0,1612.0,205.0,1877.0,540.0,418.0,1707.0,666.0,2093.0,1369.0,206.0,1618.0,555.0,1865.0,181.0,2132.0,529.0,2115.0,167.0,2382.0,539.0,1583.0,1733.0,1859.0,2143.0,2359.0,81.0,2645.0,514.0,1335.0,1717.0,1614.0,2120.0,1131.0,205.0,1383.0,556.0,375.0,992.0,642.0,1373.0,154.0,991.0,417.0,1375.0,190.0,1694.0,458.0,2096.0,916.0,224.0,1136.0,579.0,693.0,233.0,917.0,573.0,,,,,,,,,,,,,,,,,,,,,,,,,,,,,,,,,,,,,,,,,,,,,,,,,,,,,,,,,,,,,,,,,,,,,,,,,,,,,,,,,,,,,,,,,,,,
C1_P11_N1_S3_1.JPG,1029,1776,1261,2145,795,1771,1047,2146,1461,1759,1716,2137,2312,536,2560,879,2095,1764,2339,2114,2494,1148,2751,1491,544,1771,804,2156,1462,1138,1729,1486,1695,535,1932,866,1040,1119,1326,1505,1688.0,1137.0,1953.0,1493.0,2528.0,536.0,2777.0,884.0,1482.0,522.0,1731.0,864.0,2716.0,552.0,2974.0,905.0,2713.0,1152.0,2963.0,1496.0,2530.0,1745.0,2774.0,2105.0,2317.0,1743.0,2560.0,2102.0,2063.0,1141.0,2323.0,1497.0,296.0,1768.0,560.0,2166.0,801.0,483.0,1056.0,842.0,567.0,470.0,849.0,846.0,2915.0,1137.0,3160.0,1503.0,2934.0,1711.0,3178.0,2111.0,52.0,1742.0,316.0,2167.0,308.0,455.0,594.0,843.0,68.0,429.0,338.0,839.0,72.0,1048.0,334.0,1497.0,,,,,,,,,,,,,,,,,,,,,,,,,,,,,,,,,,,,,,,,,,,,,,,,,,,,,,,,,,,,,,,,,,,,,,,,,,,,,,,,,,,,,,,,,,,,,,,,,,,,
C1_P11_N1_S4_2.JPG,2211,381,2410,682,1700,380,1905,673,2068,1895,2260,2216,2768,1890,2953,2193,2402,1400,2580,1690,2234,1889,2430,2209,2225,1400,2412,1691,2396,382,2595,685,979,1424,1173,1724,2563,393,2767,690,2732.0,1380.0,2918.0,1682.0,2371.0,883.0,2569.0,1185.0,2396.0,1896.0,2600.0,2212.0,2566.0,1889.0,2764.0,2201.0,1513.0,1418.0,1719.0,1714.0,559.0,1946.0,789.0,2304.0,346.0,1971.0,575.0,2332.0,1700.0,1917.0,1898.0,2231.0,583.0,1433.0,775.0,1738.0,950.0,364.0,1169.0,654.0,1519.0,1935.0,1718.0,2239.0,1167.0,1418.0,1361.0,1725.0,1522.0,366.0,1718.0,668.0,2019.0,890.0,2212.0,1180.0,966.0,1911.0,1179.0,2268.0,1710.0,890.0,1914.0,1179.0,2728.0,895.0,2899.0,1181.0,786.0,1426.0,981.0,1735.0,555.0,334.0,785.0,662.0,1514.0,883.0,1717.0,1187.0,344.0,313.0,578.0,662.0,764.0,363.0,975.0,656.0,1158.0,1931.0,1372.0,2290.0,1172.0,871.0,1368.0,1190.0,2037.0,1412.0,2215.0,1699.0,2560.0,889.0,2736.0,1185.0,368.0,1401.0,580.0,1755.0,364.0,821.0,583.0,1187.0,,,,,,,,,,,,,,,,,,,,,,,,,,,,,,,,,,,,,,,,,,,,,,,,,,,,,,,,
C1_P11_N2_S3_2.JPG,2462,884,2665,1191,1065,1429,1297,1820,858,1422,1082,1814,2456,325,2655,621,2464,1446,2666,1756,2240,1413,2462,1755,1463,1457,1687,1797,2063,1428,2307,1791,1664,1443,1895,1794,385,1453,643,1836,1070.0,885.0,1287.0,1210.0,846.0,886.0,1087.0,1210.0,1460.0,868.0,1693.0,1213.0,624.0,887.0,846.0,1235.0,1076.0,265.0,1332.0,615.0,612.0,1433.0,874.0,1828.0,2639.0,327.0,2838.0,625.0,2268.0,880.0,2473.0,1195.0,2627.0,1433.0,2858.0,1762.0,399.0,881.0,622.0,1237.0,172.0,839.0,400.0,1220.0,1669.0,289.0,1923.0,610.0,135.0,194.0,402.0,612.0,142.0,1471.0,413.0,1861.0,1456.0,285.0,1705.0,615.0,2828.0,1431.0,3067.0,1766.0,2830.0,859.0,3063.0,1189.0,2073.0,881.0,2278.0,1199.0,2828.0,310.0,3063.0,637.0,,,,,,,,,,,,,,,,,,,,,,,,,,,,,,,,,,,,,,,,,,,,,,,,,,,,,,,,,,,,,,,,,,,,,,,,,,,,,,,,,,,,,,,,,,,,
C1_P11_N2_S4_2.JPG,1102,1263,1338,1631,2848,670,3107,1026,1613,1834,1839,2191,2489,717,2698,1019,515,1875,777,2255,1092,77,1383,448,674,1254,918,1625,644,696,891,1041,438,1272,688,1638,1410,1846,1639,2201,1200.0,1822.0,1433.0,2201.0,1486.0,681.0,1731.0,1042.0,207.0,1292.0,465.0,1670.0,894.0,1246.0,1121.0,1625.0,1811.0,1838.0,2048.0,2177.0,974.0,1842.0,1222.0,2231.0,1495.0,1279.0,1718.0,1604.0,424.0,688.0,666.0,1036.0,2584.0,1781.0,2827.0,2125.0,197.0,629.0,432.0,1043.0,1487.0,95.0,1749.0,444.0,1702.0,1272.0,1919.0,1620.0,2480.0,129.0,2722.0,444.0,2297.0,713.0,2510.0,1015.0,266.0,1863.0,539.0,2269.0,2024.0,1849.0,2266.0,2163.0,765.0,1855.0,1019.0,2232.0,2452.0,1283.0,2681.0,1585.0,2090.0,1242.0,2326.0,1587.0,2798.0,1771.0,3048.0,2117.0,2090.0,693.0,2310.0,1035.0,1706.0,95.0,1956.0,442.0,2703.0,139.0,2917.0,438.0,2274.0,1249.0,2498.0,1580.0,1096.0,687.0,1324.0,1032.0,898.0,681.0,1126.0,1039.0,2656.0,1262.0,2898.0,1577.0,171.0,0.0,441.0,409.0,,,,,,,,,,,,,,,,,,,,,,,,,,,,,,,,,,,,,,,,,,,,,,,,,,,,,,,,
C1_P11_N2_S4_3.JPG,2100,1272,2287,1565,1213,1296,1406,1618,828,1300,1032,1620,1734,256,1942,538,2602,270,2783,548,2430,264,2611,548,2438,777,2618,1059,1568,1303,1753,1607,2786,270,2954,551,1558,248,1757,548,2064.0,253.0,2261.0,536.0,2270.0,1260.0,2453.0,1560.0,1739.0,1302.0,1922.0,1600.0,2605.0,1265.0,2784.0,1566.0,1845.0,1809.0,2061.0,2115.0,1483.0,1813.0,1693.0,2126.0,1020.0,1288.0,1220.0,1615.0,1222.0,784.0,1390.0,1082.0,607.0,1305.0,838.0,1640.0,2768.0,761.0,2951.0,1046.0,692.0,1849.0,914.0,2197.0,814.0,787.0,1014.0,1093.0,2094.0,780.0,2279.0,1071.0,1021.0,783.0,1200.0,1086.0,1295.0,1798.0,1517.0,2139.0,2271.0,786.0,2455.0,1065.0,1660.0,1810.0,1872.0,2130.0,2428.0,1276.0,2608.0,1570.0,2044.0,1790.0,2250.0,2079.0,1094.0,1804.0,1320.0,2156.0,408.0,1327.0,631.0,1646.0,1197.0,242.0,1438.0,544.0,1566.0,782.0,1751.0,1081.0,901.0,1817.0,1132.0,2175.0,,,,,,,,,,,,,,,,,,,,,,,,,,,,,,,,,,,,,,,,,,,,,,,,,,,,,,,,,,,,,,,,,,,,,,,,
C1_P12_N1_S2_1.JPG,1826,504,2206,991,1500,510,1861,998,1870,1397,2237,1957,881,519,1237,1003,2191,487,2566,995,2238,1318,2550,1957,868,1399,1217,1941,533,1406,902,1940,1515,1374,1863,1911,252,506,587,1029,1194.0,502.0,1546.0,1004.0,1197.0,1414.0,1552.0,1942.0,547.0,514.0,916.0,1008.0,225.0,1405.0,589.0,1947.0,,,,,,,,,,,,,,,,,,,,,,,,,,,,,,,,,,,,,,,,,,,,,,,,,,,,,,,,,,,,,,,,,,,,,,,,,,,,,,,,,,,,,,,,,,,,,,,,,,,,,,,,,,,,,,,,,,,,,,,,,,,,,,,,,,,,,,,,,,,,,,,,,,,,,,,,
C1_P12_N1_S3_1.JPG,1221,1743,1556,2218,932,1747,1267,2200,665,1750,1008,2192,1803,1762,2125,2261,1516,1745,1835,2233,943,1012,1262,1447,1219,1019,1545,1450,422,249,702,655,675,1017,1000,1448,177,248,437,651,701.0,255.0,986.0,658.0,1534.0,991.0,1841.0,1454.0,1828.0,965.0,2130.0,1453.0,1518.0,239.0,1815.0,629.0,949.0,243.0,1250.0,653.0,392.0,1005.0,718.0,1443.0,1246.0,245.0,1527.0,646.0,144.0,1714.0,410.0,2133.0,1831.0,236.0,2110.0,637.0,146.0,1024.0,450.0,1454.0,,,,,,,,,,,,,,,,,,,,,,,,,,,,,,,,,,,,,,,,,,,,,,,,,,,,,,,,,,,,,,,,,,,,,,,,,,,,,,,,,,,,,,,,,,,,,,,,,,,,,,,,,,,,,,,,,,,,,,,,,,,,,,,,
C1_P12_N1_S5_1.JPG,732,1204,918,1468,750,1660,935,1946,566,734,748,992,915,1208,1095,1468,564,1203,750,1468,733,735,916,996,1094,1194,1264,1480,930,1658,1099,1946,909,724,1093,992,562,1665,761,1942,552.0,254.0,731.0,512.0,224.0,1663.0,421.0,1942.0,887.0,239.0,1085.0,495.0,1088.0,1626.0,1254.0,1936.0,219.0,738.0,403.0,988.0,386.0,257.0,566.0,516.0,1085.0,688.0,1255.0,986.0,387.0,736.0,569.0,992.0,407.0,1196.0,594.0,1467.0,220.0,256.0,402.0,517.0,62.0,1679.0,249.0,1955.0,724.0,255.0,910.0,514.0,59.0,742.0,243.0,998.0,56.0,260.0,237.0,523.0,555.0,2133.0,750.0,2403.0,59.0,1156.0,241.0,1455.0,739.0,2127.0,930.0,2409.0,55.0,2105.0,250.0,2394.0,1084.0,226.0,1262.0,504.0,,,,,,,,,,,,,,,,,,,,,,,,,,,,,,,,,,,,,,,,,,,,,,,,,,,,,,,,,,,,,,,,,,,,,,,,,,,,,,,,,,,,,,,,,,,,
C1_P12_N2_S3_1.JPG,1432,1149,1720,1543,1693,1795,1937,2287,386,1842,669,2251,1734,1142,1983,1553,152,1847,404,2251,1180,1836,1431,2262,1156,1144,1446,1539,1448,1834,1704,2277,906,1845,1184,2254,645,1849,923,2244,904.0,1128.0,1189.0,1536.0,912.0,414.0,1194.0,841.0,384.0,418.0,670.0,826.0,147.0,415.0,426.0,826.0,1439.0,405.0,1728.0,827.0,1166.0,396.0,1449.0,833.0,642.0,417.0,926.0,828.0,159.0,1062.0,409.0,1493.0,1736.0,330.0,1991.0,836.0,659.0,1140.0,949.0,1527.0,,,,,,,,,,,,,,,,,,,,,,,,,,,,,,,,,,,,,,,,,,,,,,,,,,,,,,,,,,,,,,,,,,,,,,,,,,,,,,,,,,,,,,,,,,,,,,,,,,,,,,,,,,,,,,,,,,,,,,,,,,,,,,,,
C2_P01_N1_S4_1.JPG,1167,178,1278,348,1383,178,1490,349,502,1382,644,1566,609,1381,755,1566,810,982,924,1161,393,1388,531,1567,1307,591,1422,760,1247,986,1370,1152,283,1381,433,1568,1269,172,1375,353,695.0,980.0,815.0,1157.0,1027.0,977.0,1145.0,1152.0,402.0,580.0,525.0,736.0,1597.0,1356.0,1743.0,1555.0,914.0,981.0,1030.0,1160.0,,,,,,,,,,,,,,,,,,,,,,,,,,,,,,,,,,,,,,,,,,,,,,,,,,,,,,,,,,,,,,,,,,,,,,,,,,,,,,,,,,,,,,,,,,,,,,,,,,,,,,,,,,,,,,,,,,,,,,,,,,,,,,,,,,,,,,,,,,,,,,,,,,,,
C2_P01_N2_S2_1.JPG,1480,967,1683,1210,1135,965,1336,1210,1301,964,1504,1206,625,967,830,1211,1646,965,1849,1208,1796,970,2007,1213,967,969,1175,1212,804,972,1002,1213,1964,974,2185,1216,2163,938,2372,1212,446.0,961.0,665.0,1219.0,262.0,955.0,478.0,1231.0,1574.0,359.0,1737.0,590.0,1073.0,365.0,1242.0,574.0,1246.0,366.0,1411.0,584.0,556.0,360.0,720.0,565.0,1756.0,370.0,1915.0,591.0,2333.0,921.0,2514.0,1218.0,733.0,360.0,904.0,571.0,2085.0,355.0,2234.0,596.0,874.0,340.0,1079.0,596.0,,,,,,,,,,,,,,,,,,,,,,,,,,,,,,,,,,,,,,,,,,,,,,,,,,,,,,,,,,,,,,,,,,,,,,,,,,,,,,,,,,,,,,,,,,,,,,,,,,,,,,,,,,,,,,,,,,,,,,,,,,,,
C2_P01_N3_S3_1.JPG,756,1097,896,1282,1014,1086,1163,1277,1690,1088,1835,1287,482,1086,626,1291,1349,615,1490,818,785,597,965,816,650,592,819,818,1150,1074,1289,1285,1552,1091,1697,1294,1424,1084,1567,1291,623.0,1083.0,764.0,1287.0,926.0,609.0,1093.0,818.0,886.0,1095.0,1034.0,1276.0,1080.0,606.0,1227.0,813.0,190.0,1081.0,361.0,1299.0,1205.0,604.0,1348.0,816.0,1283.0,1079.0,1423.0,1291.0,1817.0,1076.0,1964.0,1291.0,1950.0,1088.0,2089.0,1292.0,503.0,580.0,670.0,817.0,343.0,1085.0,491.0,1293.0,365.0,583.0,542.0,811.0,1490.0,615.0,1643.0,817.0,,,,,,,,,,,,,,,,,,,,,,,,,,,,,,,,,,,,,,,,,,,,,,,,,,,,,,,,,,,,,,,,,,,,,,,,,,,,,,,,,,,,,,,,,,,,,,,,,,,,,,,,,,,,,,,,,,,,
C2_P02_N1_S3_1.JPG,1760,1452,1967,1778,1566,1443,1779,1785,1551,337,1763,673,1362,323,1575,670,1955,1455,2160,1768,1927,405,2132,689,2135,1456,2333,1765,1740,374,1939,688,1160,1439,1394,1794,956,1443,1197,1806,755.0,879.0,988.0,1211.0,1955.0,919.0,2168.0,1231.0,748.0,1437.0,996.0,1802.0,961.0,839.0,1195.0,1208.0,1362.0,1437.0,1593.0,1782.0,2109.0,412.0,2316.0,701.0,756.0,321.0,984.0,652.0,524.0,1450.0,762.0,1809.0,1161.0,325.0,1388.0,661.0,1564.0,917.0,1783.0,1229.0,534.0,871.0,774.0,1217.0,1165.0,848.0,1395.0,1210.0,2152.0,870.0,2348.0,1230.0,552.0,310.0,775.0,649.0,960.0,319.0,1191.0,648.0,1763.0,920.0,1974.0,1226.0,2319.0,1448.0,2499.0,1773.0,1364.0,894.0,1599.0,1222.0,93.0,856.0,333.0,1211.0,319.0,867.0,555.0,1212.0,289.0,1451.0,535.0,1818.0,2330.0,858.0,2515.0,1237.0,331.0,320.0,563.0,630.0,129.0,300.0,351.0,612.0,2309.0,407.0,2488.0,715.0,,,,,,,,,,,,,,,,,,,,,,,,,,,,,,,,,,,,,,,,,,,,,,,,,,,,,,,,,,,,,,,,,,,,
C2_P02_N1_S4_1.JPG,1486,311,1638,542,1760,313,1918,569,1629,310,1781,551,1494,708,1660,941,1459,1518,1620,1767,1336,295,1493,531,581,1079,780,1352,750,631,922,911,745,1093,927,1349,1181,1518,1341,1774,1032.0,1522.0,1198.0,1783.0,414.0,1076.0,597.0,1354.0,594.0,651.0,763.0,904.0,903.0,638.0,1072.0,915.0,559.0,1519.0,740.0,1795.0,899.0,243.0,1063.0,496.0,1354.0,704.0,1513.0,934.0,718.0,1523.0,896.0,1790.0,903.0,1094.0,1073.0,1349.0,1761.0,1103.0,1928.0,1360.0,429.0,642.0,607.0,901.0,1345.0,1109.0,1502.0,1337.0,1051.0,248.0,1215.0,499.0,1592.0,1524.0,1762.0,1756.0,1642.0,666.0,1796.0,945.0,596.0,233.0,764.0,473.0,387.0,1525.0,574.0,1796.0,1201.0,1097.0,1354.0,1341.0,1206.0,697.0,1368.0,937.0,1198.0,263.0,1355.0,511.0,1483.0,1111.0,1642.0,1346.0,1315.0,1515.0,1472.0,1773.0,1052.0,1093.0,1220.0,1346.0,239.0,1088.0,424.0,1352.0,878.0,1516.0,1049.0,1785.0,1625.0,1110.0,1786.0,1351.0,1767.0,683.0,1935.0,951.0,753.0,232.0,917.0,485.0,1055.0,674.0,1222.0,929.0,257.0,641.0,439.0,900.0,218.0,1540.0,416.0,1809.0,70.0,1090.0,265.0,1352.0,1719.0,1535.0,1888.0,1754.0,79.0,629.0,266.0,897.0,109.0,188.0,283.0,446.0,436.0,216.0,608.0,462.0,,,,,,,,,,,,,,,,,,,,,,,,
C2_P03_N2_S3_1.JPG,1638,800,1903,1185,1378,140,1595,606,1393,797,1664,1189,1573,141,1783,603,845,1401,1109,1777,1895,804,2154,1182,1522,1395,1789,1774,1135,799,1422,1170,620,1399,887,1786,1071,1384,1336,1783,1755.0,146.0,1970.0,598.0,1292.0,1342.0,1568.0,1757.0,1747.0,1404.0,1993.0,1759.0,868.0,778.0,1155.0,1182.0,604.0,772.0,890.0,1189.0,1943.0,149.0,2154.0,596.0,,,,,,,,,,,,,,,,,,,,,,,,,,,,,,,,,,,,,,,,,,,,,,,,,,,,,,,,,,,,,,,,,,,,,,,,,,,,,,,,,,,,,,,,,,,,,,,,,,,,,,,,,,,,,,,,,,,,,,,,,,,,,,,,,,,,,,,,,,,,,,,,
C2_P04_N3_S2_1.JPG,2111,681,2333,989,1793,707,2017,996,1530,225,1728,504,1943,714,2170,991,1714,229,1913,510,1640,698,1847,971,1360,213,1550,506,846,676,1032,949,1464,700,1675,969,1007,691,1209,954,1318.0,696.0,1525.0,963.0,1167.0,686.0,1365.0,952.0,1874.0,228.0,2079.0,511.0,359.0,669.0,548.0,935.0,691.0,680.0,841.0,931.0,533.0,669.0,717.0,950.0,2052.0,236.0,2267.0,512.0,841.0,187.0,1039.0,481.0,1022.0,188.0,1213.0,484.0,2225.0,223.0,2449.0,522.0,47.0,632.0,238.0,928.0,196.0,644.0,386.0,926.0,506.0,156.0,710.0,475.0,665.0,181.0,873.0,478.0,,,,,,,,,,,,,,,,,,,,,,,,,,,,,,,,,,,,,,,,,,,,,,,,,,,,,,,,,,,,,,,,,,,,,,,,,,,,,,,,,,,,,,,,,,,,,,,,,,,,,,,,,,,,,,,,
C2_P05_N3_S3_1.JPG,2128,1234,2364,1519,1073,1231,1275,1504,1420,1203,1628,1501,1247,1190,1452,1499,705,1194,914,1506,516,1196,731,1490,1653,640,1868,1010,1939,1226,2168,1512,1600,1230,1821,1515,1452,682,1649,1004,1832.0,669.0,2056.0,1007.0,1280.0,693.0,1481.0,998.0,2018.0,715.0,2231.0,1006.0,326.0,1207.0,549.0,1502.0,2197.0,707.0,2409.0,1012.0,885.0,1220.0,1087.0,1515.0,1779.0,1231.0,1993.0,1518.0,1072.0,659.0,1287.0,992.0,875.0,666.0,1089.0,995.0,86.0,659.0,326.0,993.0,702.0,674.0,904.0,988.0,292.0,664.0,516.0,986.0,,,,,,,,,,,,,,,,,,,,,,,,,,,,,,,,,,,,,,,,,,,,,,,,,,,,,,,,,,,,,,,,,,,,,,,,,,,,,,,,,,,,,,,,,,,,,,,,,,,,,,,,,,,,,,,,,,,,,,,,
C2_P07_N1_S6_1.JPG,639,949,732,1108,534,688,641,847,535,951,636,1105,650,1195,749,1361,640,687,745,850,527,408,625,566,738,690,837,850,548,1197,650,1357,730,951,826,1108,455,1437,555,1585,647.0,1446.0,741.0,1600.0,640.0,415.0,736.0,578.0,550.0,1446.0,645.0,1592.0,327.0,946.0,441.0,1104.0,322.0,382.0,438.0,562.0,842.0,955.0,933.0,1113.0,331.0,678.0,439.0,833.0,741.0,1450.0,838.0,1598.0,436.0,948.0,543.0,1105.0,625.0,125.0,747.0,293.0,152.0,1421.0,278.0,1596.0,742.0,1193.0,838.0,1363.0,457.0,1198.0,566.0,1356.0,207.0,381.0,324.0,559.0,65.0,1417.0,186.0,1602.0,139.0,944.0,249.0,1104.0,42.0,673.0,144.0,834.0,,,,,,,,,,,,,,,,,,,,,,,,,,,,,,,,,,,,,,,,,,,,,,,,,,,,,,,,,,,,,,,,,,,,,,,,,,,,,,,,,,,,,,,,,,,,,,,,,,,,
C2_P07_N2_S2_1.JPG,1456,985,1708,1397,1205,983,1472,1395,1731,971,1966,1409,447,981,722,1378,690,982,971,1379,933,984,1220,1379,1937,979,2204,1393,11,970,262,1376,1177,315,1456,705,1424,318,1702,708,212.0,975.0,480.0,1368.0,1691.0,320.0,1961.0,721.0,1.0,210.0,220.0,720.0,1938.0,301.0,2244.0,750.0,,,,,,,,,,,,,,,,,,,,,,,,,,,,,,,,,,,,,,,,,,,,,,,,,,,,,,,,,,,,,,,,,,,,,,,,,,,,,,,,,,,,,,,,,,,,,,,,,,,,,,,,,,,,,,,,,,,,,,,,,,,,,,,,,,,,,,,,,,,,,,,,,,,,,,,,
C2_P08_N3_S3_2.JPG,945,1188,1138,1488,1126,1185,1332,1490,588,682,770,995,952,704,1160,1018,582,1199,770,1485,1306,1169,1507,1489,1473,1178,1679,1488,1139,711,1341,1010,381,712,590,1000,391,1206,592,1485,774.0,1201.0,967.0,1492.0,207.0,1192.0,412.0,1488.0,1328.0,712.0,1523.0,1018.0,765.0,683.0,955.0,994.0,1507.0,710.0,1715.0,1026.0,955.0,188.0,1171.0,512.0,14.0,700.0,215.0,1004.0,200.0,714.0,397.0,994.0,26.0,1192.0,223.0,1489.0,745.0,178.0,961.0,498.0,1140.0,193.0,1355.0,506.0,1513.0,155.0,1729.0,501.0,351.0,176.0,578.0,494.0,,,,,,,,,,,,,,,,,,,,,,,,,,,,,,,,,,,,,,,,,,,,,,,,,,,,,,,,,,,,,,,,,,,,,,,,,,,,,,,,,,,,,,,,,,,,,,,,,,,,,,,,,,,,,,,,,,,,
C3_P01_N1_S5_1.JPG,1019,1771,1203,2010,1227,1321,1402,1581,1184,1751,1365,2009,907,1322,1077,1570,1061,1322,1238,1568,743,1772,892,1998,997,792,1144,1091,569,1759,744,2004,879,1771,1039,2000,1125,801,1278,1090,740.0,1292.0,904.0,1556.0,571.0,1292.0,736.0,1556.0,1061.0,289.0,1243.0,576.0,421.0,1735.0,593.0,1994.0,894.0,296.0,1073.0,577.0,279.0,2118.0,425.0,2341.0,412.0,1298.0,577.0,1560.0,428.0,2120.0,577.0,2353.0,562.0,812.0,720.0,1080.0,856.0,794.0,1002.0,1085.0,129.0,1710.0,291.0,1988.0,260.0,1760.0,429.0,1991.0,718.0,294.0,902.0,565.0,226.0,809.0,398.0,1074.0,1246.0,270.0,1428.0,582.0,269.0,1315.0,416.0,1542.0,109.0,1304.0,271.0,1562.0,1255.0,801.0,1412.0,1096.0,70.0,817.0,237.0,1076.0,729.0,798.0,873.0,1082.0,391.0,812.0,558.0,1079.0,1020.0,2150.0,1175.0,2359.0,548.0,292.0,741.0,567.0,135.0,2095.0,291.0,2364.0,220.0,292.0,409.0,565.0,,,,,,,,,,,,,,,,,,,,,,,,,,,,,,,,,,,,,,,,,,,,,,,,,,,,,,,,,,,,,,,,,,,,
C3_P01_N2_S3_2.JPG,1552,1991,1830,2379,1813,1987,2102,2380,531,1931,813,2345,1042,1975,1331,2354,1303,1987,1573,2353,1044,1186,1334,1626,1342,1155,1608,1628,1882,1223,2168,1645,505,1182,780,1620,2088,1950,2365,2380,186.0,334.0,486.0,786.0,744.0,331.0,1043.0,792.0,286.0,1882.0,566.0,2332.0,2143.0,1223.0,2457.0,1646.0,793.0,1919.0,1086.0,2335.0,1030.0,328.0,1325.0,802.0,772.0,1186.0,1060.0,1624.0,1312.0,299.0,1563.0,799.0,240.0,1196.0,538.0,1617.0,1621.0,1196.0,1924.0,1626.0,1758.0,308.0,2030.0,814.0,455.0,318.0,755.0,780.0,1531.0,297.0,1804.0,801.0,1986.0,325.0,2261.0,818.0,2211.0,303.0,2476.0,804.0,,,,,,,,,,,,,,,,,,,,,,,,,,,,,,,,,,,,,,,,,,,,,,,,,,,,,,,,,,,,,,,,,,,,,,,,,,,,,,,,,,,,,,,,,,,,,,,,,,,,,,,,,,,,
C3_P02_N1_S2_2.JPG,917,1255,1195,1630,1163,1254,1445,1627,2325,1273,2591,1623,1853,1264,2127,1624,1410,1266,1696,1629,132,1238,431,1616,654,1252,936,1634,2100,1270,2385,1612,3031,1244,3322,1629,408,1246,687,1631,1221.0,485.0,1510.0,853.0,2797.0,1272.0,3073.0,1614.0,1832.0,515.0,2110.0,876.0,2088.0,512.0,2357.0,866.0,2627.0,490.0,2905.0,909.0,2341.0,517.0,2618.0,907.0,375.0,488.0,664.0,825.0,2896.0,475.0,3184.0,866.0,625.0,493.0,923.0,842.0,943.0,482.0,1237.0,854.0,2580.0,1255.0,2848.0,1613.0,1502.0,494.0,1781.0,871.0,,,,,,,,,,,,,,,,,,,,,,,,,,,,,,,,,,,,,,,,,,,,,,,,,,,,,,,,,,,,,,,,,,,,,,,,,,,,,,,,,,,,,,,,,,,,,,,,,,,,,,,,,,,,,,,,,,,,,,,,
C3_P03_N1_S3_1.JPG,405,1036,724,1474,727,1082,1032,1475,1627,1891,1937,2330,396,1897,699,2354,2903,1078,3121,1493,3135,1069,3357,1493,1908,1928,2215,2336,970,1924,1290,2336,1011,1076,1303,1467,1277,1935,1606,2333,2173.0,1940.0,2461.0,2341.0,1284.0,1068.0,1580.0,1464.0,688.0,1928.0,993.0,2339.0,2628.0,1085.0,2861.0,1478.0,3223.0,1931.0,3515.0,2320.0,1838.0,1082.0,2144.0,1472.0,3384.0,1076.0,3630.0,1479.0,2449.0,1949.0,2718.0,2291.0,2726.0,1944.0,2988.0,2322.0,3481.0,1836.0,3782.0,2325.0,2976.0,1942.0,3230.0,2314.0,1566.0,1061.0,1829.0,1469.0,3749.0,1826.0,4028.0,2344.0,2302.0,290.0,2555.0,630.0,2343.0,1080.0,2593.0,1476.0,2574.0,285.0,2814.0,632.0,1022.0,259.0,1290.0,583.0,3220.0,296.0,3475.0,645.0,733.0,241.0,994.0,585.0,,,,,,,,,,,,,,,,,,,,,,,,,,,,,,,,,,,,,,,,,,,,,,,,,,,,,,,,,,,,,,,,,,,,,,,,,,,,,,,,,,,,,,,,,,,,
C3_P03_N2_S4_1.JPG,783,1438,986,1726,115,1387,339,1734,334,1432,540,1745,994,812,1191,1125,546,1445,751,1757,1934,1410,2125,1728,1748,1983,1939,2299,754,835,963,1134,968,1437,1184,1726,2313,814,2513,1128,332.0,805.0,530.0,1121.0,1565.0,1980.0,1754.0,2303.0,121.0,800.0,316.0,1112.0,1876.0,260.0,2074.0,527.0,1745.0,1414.0,1938.0,1730.0,1160.0,1428.0,1365.0,1726.0,1190.0,840.0,1388.0,1124.0,1683.0,256.0,1881.0,524.0,1554.0,1439.0,1751.0,1722.0,1360.0,1435.0,1559.0,1730.0,2495.0,800.0,2700.0,1134.0,2296.0,1437.0,2494.0,1739.0,2239.0,249.0,2448.0,528.0,901.0,2019.0,1115.0,2337.0,526.0,833.0,720.0,1126.0,2069.0,255.0,2260.0,526.0,2115.0,1429.0,2311.0,1747.0,1927.0,2035.0,2130.0,2319.0,708.0,1985.0,921.0,2312.0,1363.0,847.0,1560.0,1128.0,1969.0,865.0,2138.0,1118.0,2275.0,2035.0,2505.0,2313.0,2424.0,247.0,2636.0,540.0,1498.0,243.0,1702.0,519.0,2082.0,2042.0,2304.0,2310.0,1371.0,1996.0,1568.0,2320.0,2474.0,1390.0,2687.0,1737.0,1752.0,859.0,1949.0,1125.0,1558.0,861.0,1768.0,1118.0,,,,,,,,,,,,,,,,,,,,,,,,,,,,,,,,,,,,,,,,,,,,,,,,,,,,
C3_P03_N3_S3_1.JPG,1116,1812,1423,2221,838,1766,1135,2213,1474,1800,1787,2203,2015,1735,2274,2163,1766,1743,2041,2177,2269,1730,2514,2148,2977,1776,3256,2152,2505,1773,2771,2154,2729,1767,3005,2150,601,1754,888,2212,2505.0,977.0,2769.0,1391.0,1473.0,1044.0,1740.0,1399.0,2255.0,967.0,2509.0,1392.0,1205.0,1028.0,1494.0,1387.0,1995.0,1012.0,2250.0,1381.0,922.0,1030.0,1219.0,1417.0,2988.0,984.0,3249.0,1378.0,604.0,1029.0,896.0,1458.0,334.0,1765.0,631.0,2218.0,1730.0,1029.0,1988.0,1380.0,31.0,957.0,323.0,1417.0,71.0,1766.0,369.0,2234.0,3216.0,1754.0,3491.0,2169.0,,,,,,,,,,,,,,,,,,,,,,,,,,,,,,,,,,,,,,,,,,,,,,,,,,,,,,,,,,,,,,,,,,,,,,,,,,,,,,,,,,,,,,,,,,,,,,,,,,,,,,,,,,,,,,,,,,,,
C3_P04_N1_S4_1.JPG,1423,1233,1642,1559,1644,1233,1857,1560,1204,1241,1421,1568,1434,643,1669,1044,1198,618,1431,1028,1669,683,1900,1019,715,650,956,1030,444,652,689,1018,725,1208,964,1568,1172,1725,1409,2070,947.0,632.0,1190.0,1003.0,1411.0,1751.0,1624.0,2069.0,232.0,1229.0,493.0,1572.0,1894.0,698.0,2122.0,1018.0,1860.0,1219.0,2095.0,1554.0,1632.0,1726.0,1842.0,2059.0,186.0,640.0,435.0,1016.0,485.0,1244.0,728.0,1563.0,960.0,1187.0,1181.0,1559.0,2101.0,1224.0,2302.0,1544.0,2115.0,695.0,2335.0,1021.0,945.0,1691.0,1186.0,2077.0,703.0,1735.0,954.0,2098.0,1846.0,1714.0,2055.0,2057.0,,,,,,,,,,,,,,,,,,,,,,,,,,,,,,,,,,,,,,,,,,,,,,,,,,,,,,,,,,,,,,,,,,,,,,,,,,,,,,,,,,,,,,,,,,,,,,,,,,,,,,,,,,,,,,,,
C3_P04_N1_S5_1.JPG,1274,1046,1455,1319,1091,1034,1278,1309,1459,1044,1647,1318,1097,566,1283,874,903,542,1089,861,536,1024,723,1316,715,552,904,846,905,1038,1093,1314,520,567,712,860,1081,1472,1264,1734,719.0,1004.0,902.0,1310.0,147.0,1035.0,344.0,1321.0,1293.0,597.0,1468.0,868.0,307.0,579.0,506.0,861.0,1302.0,67.0,1501.0,405.0,338.0,1002.0,533.0,1289.0,118.0,558.0,300.0,865.0,1650.0,1024.0,1821.0,1312.0,214.0,1971.0,407.0,2294.0,1614.0,1978.0,1787.0,2276.0,1654.0,610.0,1840.0,872.0,1487.0,92.0,1689.0,409.0,1476.0,610.0,1656.0,867.0,520.0,1473.0,723.0,1731.0,330.0,1467.0,531.0,1732.0,714.0,1429.0,903.0,1729.0,142.0,1423.0,333.0,1723.0,1447.0,1473.0,1614.0,1747.0,1090.0,92.0,1287.0,386.0,1266.0,1475.0,1439.0,1740.0,899.0,1467.0,1089.0,1729.0,888.0,86.0,1092.0,374.0,686.0,83.0,889.0,376.0,1272.0,1996.0,1456.0,2262.0,1439.0,1987.0,1616.0,2260.0,1687.0,87.0,1877.0,423.0,747.0,2000.0,933.0,2271.0,268.0,75.0,477.0,378.0,388.0,2006.0,582.0,2278.0,905.0,1996.0,1090.0,2272.0,1084.0,2006.0,1266.0,2264.0,1632.0,1471.0,1789.0,1748.0,565.0,2017.0,765.0,2265.0,,,,,,,,,,,,,,,,,,,,,,,,,,,,,,,,,,,,
C3_P05_N3_S2_1.JPG,3395,1124,3700,1591,2608,1204,2885,1589,3115,1177,3421,1612,685,1168,1023,1622,2049,1207,2357,1630,1250,1215,1552,1637,2877,1188,3142,1588,1766,1215,2078,1634,2314,1193,2628,1629,978,1199,1298,1641,3660.0,1082.0,3984.0,1590.0,415.0,1166.0,739.0,1621.0,1516.0,1212.0,1821.0,1635.0,137.0,1148.0,487.0,1655.0,,,,,,,,,,,,,,,,,,,,,,,,,,,,,,,,,,,,,,,,,,,,,,,,,,,,,,,,,,,,,,,,,,,,,,,,,,,,,,,,,,,,,,,,,,,,,,,,,,,,,,,,,,,,,,,,,,,,,,,,,,,,,,,,,,,,,,,,,,,,,,,,,,,,,,,,
C3_P06_N1_S3_2.JPG,2476,1002,2742,1421,2767,997,3027,1409,2228,979,2468,1434,1943,993,2178,1428,2226,1708,2506,2104,2775,1663,3002,2117,1951,1698,2220,2102,978,1694,1235,2084,1464,1688,1720,2094,3043,980,3312,1416,2999.0,1663.0,3255.0,2141.0,1720.0,1692.0,1978.0,2101.0,3587.0,1637.0,3844.0,2125.0,2513.0,1688.0,2762.0,2114.0,1720.0,1005.0,1959.0,1443.0,732.0,1702.0,990.0,2082.0,284.0,1683.0,525.0,2072.0,1451.0,1034.0,1712.0,1435.0,1217.0,1691.0,1466.0,2092.0,3287.0,966.0,3556.0,1409.0,3338.0,1660.0,3580.0,2106.0,980.0,1036.0,1219.0,1436.0,742.0,1041.0,981.0,1437.0,522.0,1697.0,759.0,2073.0,299.0,1065.0,520.0,1455.0,2449.0,388.0,2715.0,741.0,3268.0,339.0,3555.0,722.0,1219.0,1044.0,1464.0,1435.0,2961.0,348.0,3254.0,722.0,3598.0,967.0,3852.0,1414.0,525.0,1050.0,757.0,1445.0,,,,,,,,,,,,,,,,,,,,,,,,,,,,,,,,,,,,,,,,,,,,,,,,,,,,,,,,,,,,,,,,,,,,,,,,,,,,,,,,,,,,
C3_P06_N2_S3_2.JPG,2319,1668,2567,2109,2594,1685,2840,2115,2820,1695,3071,2120,1470,1663,1733,2076,1816,1688,2078,2088,2590,1010,2825,1450,2818,987,3048,1458,3116,1709,3359,2105,2095,1681,2343,2102,3056,994,3330,1470,1218.0,1659.0,1467.0,2087.0,953.0,1055.0,1218.0,1438.0,1739.0,1054.0,2003.0,1447.0,1452.0,1052.0,1719.0,1437.0,1001.0,1687.0,1231.0,2077.0,2265.0,1048.0,2535.0,1446.0,3652.0,1684.0,3882.0,2112.0,1980.0,1049.0,2249.0,1452.0,254.0,1057.0,479.0,1449.0,768.0,1704.0,989.0,2062.0,496.0,1062.0,738.0,1435.0,3356.0,1711.0,3589.0,2110.0,2804.0,282.0,3076.0,749.0,1210.0,1045.0,1468.0,1437.0,709.0,1066.0,969.0,1446.0,511.0,1715.0,740.0,2043.0,2252.0,291.0,2532.0,763.0,3422.0,971.0,3652.0,1445.0,3661.0,947.0,3898.0,1457.0,1945.0,298.0,2232.0,764.0,,,,,,,,,,,,,,,,,,,,,,,,,,,,,,,,,,,,,,,,,,,,,,,,,,,,,,,,,,,,,,,,,,,,,,,,,,,,,,,,,,,,,,,,
C3_P06_N4_S3_1.JPG,2624,1198,2966,1653,2353,1197,2661,1639,2653,1812,2949,2301,1264,1253,1525,1634,2376,1808,2670,2298,2082,1199,2378,1635,2896,1823,3203,2292,784,1902,1037,2240,2096,1824,2385,2302,978,1251,1248,1620,1811.0,1894.0,2064.0,2269.0,1786.0,1229.0,2060.0,1599.0,3270.0,1122.0,3578.0,1588.0,1571.0,1897.0,1821.0,2259.0,3232.0,1838.0,3557.0,2279.0,3528.0,1833.0,3859.0,2278.0,2974.0,1150.0,3274.0,1635.0,435.0,1264.0,706.0,1644.0,,,,,,,,,,,,,,,,,,,,,,,,,,,,,,,,,,,,,,,,,,,,,,,,,,,,,,,,,,,,,,,,,,,,,,,,,,,,,,,,,,,,,,,,,,,,,,,,,,,,,,,,,,,,,,,,,,,,,,,,,,,,,,,,,,,,,,,,
C4_P01_N2_S2_1.JPG,1575,1034,1816,1350,818,1018,1061,1325,590,1012,821,1332,1805,1037,2038,1348,2084,1016,2331,1348,2303,1009,2558,1336,2531,1013,2786,1346,1373,346,1619,635,345,1007,571,1319,1619,339,1853,637,2059.0,329.0,2288.0,643.0,126.0,996.0,345.0,1302.0,2273.0,324.0,2510.0,649.0,1837.0,337.0,2073.0,636.0,1005.0,351.0,1215.0,643.0,791.0,348.0,1002.0,643.0,2502.0,318.0,2724.0,657.0,573.0,335.0,788.0,632.0,,,,,,,,,,,,,,,,,,,,,,,,,,,,,,,,,,,,,,,,,,,,,,,,,,,,,,,,,,,,,,,,,,,,,,,,,,,,,,,,,,,,,,,,,,,,,,,,,,,,,,,,,,,,,,,,,,,,,,,,,,,,,,,,,,,,,,,,
C4_P02_N4_S2_1.JPG,1253,1157,1517,1531,1005,1129,1264,1513,766,1131,1010,1514,558,1172,802,1525,1736,1199,1982,1538,1481,1189,1747,1541,1970,1200,2216,1542,2198,1201,2455,1543,2439,1193,2697,1545,332,1151,594,1505,102.0,1111.0,356.0,1489.0,1602.0,300.0,1881.0,648.0,890.0,315.0,1140.0,655.0,658.0,309.0,906.0,648.0,1125.0,309.0,1368.0,645.0,1361.0,302.0,1612.0,645.0,1856.0,301.0,2123.0,656.0,2093.0,302.0,2354.0,662.0,2325.0,299.0,2594.0,658.0,24.0,333.0,243.0,654.0,2558.0,270.0,2799.0,657.0,,,,,,,,,,,,,,,,,,,,,,,,,,,,,,,,,,,,,,,,,,,,,,,,,,,,,,,,,,,,,,,,,,,,,,,,,,,,,,,,,,,,,,,,,,,,,,,,,,,,,,,,,,,,,,,,,,,,,,,,,,,,
C4_P03_N1_S3_1.JPG,2204,1412,2415,1709,1988,1423,2210,1728,1747,1427,1973,1731,1553,1421,1777,1718,658,1420,889,1727,872,1429,1089,1720,2212,242,2413,477,2409,1393,2599,1712,2347,800,2560,1105,2020,245,2199,486,2141.0,810.0,2351.0,1110.0,231.0,1400.0,435.0,1699.0,2394.0,213.0,2606.0,490.0,1544.0,235.0,1753.0,525.0,460.0,217.0,654.0,509.0,705.0,222.0,903.0,516.0,1324.0,230.0,1537.0,528.0,883.0,223.0,1090.0,503.0,1055.0,798.0,1260.0,1107.0,247.0,231.0,462.0,503.0,1769.0,833.0,1978.0,1110.0,845.0,787.0,1058.0,1104.0,1098.0,212.0,1299.0,510.0,1763.0,228.0,1966.0,522.0,467.0,799.0,686.0,1099.0,424.0,1401.0,645.0,1719.0,667.0,787.0,862.0,1099.0,1583.0,828.0,1797.0,1093.0,278.0,801.0,487.0,1109.0,1972.0,815.0,2170.0,1114.0,60.0,1394.0,261.0,1704.0,1366.0,825.0,1585.0,1107.0,66.0,217.0,275.0,493.0,,,,,,,,,,,,,,,,,,,,,,,,,,,,,,,,,,,,,,,,,,,,,,,,,,,,,,,,,,,,,,,,,,,,,,,,,,,,
C4_P03_N1_S4_1.JPG,1811,641,1977,897,2148,623,2321,883,301,1161,456,1432,1810,1194,1986,1444,1480,651,1647,904,2023,120,2197,335,1625,1181,1804,1432,2010,1177,2193,1433,642,127,803,365,2367,107,2538,333,2197.0,1148.0,2375.0,1424.0,494.0,639.0,661.0,899.0,865.0,129.0,1022.0,365.0,628.0,1172.0,804.0,1442.0,340.0,635.0,491.0,908.0,2317.0,615.0,2489.0,875.0,653.0,637.0,824.0,895.0,2380.0,1150.0,2540.0,1426.0,321.0,1704.0,470.0,1974.0,1638.0,654.0,1809.0,900.0,1812.0,121.0,1967.0,346.0,838.0,633.0,1008.0,891.0,2191.0,118.0,2374.0,331.0,824.0,1679.0,1004.0,2008.0,990.0,1193.0,1200.0,1444.0,1892.0,1727.0,2071.0,1968.0,1979.0,632.0,2151.0,891.0,1004.0,1655.0,1204.0,2007.0,295.0,130.0,451.0,364.0,457.0,1154.0,637.0,1425.0,1029.0,124.0,1195.0,358.0,1604.0,115.0,1777.0,346.0,1164.0,630.0,1344.0,898.0,648.0,1683.0,826.0,2003.0,2232.0,1693.0,2392.0,1951.0,846.0,1192.0,1018.0,1458.0,1374.0,1667.0,1559.0,1979.0,462.0,128.0,631.0,368.0,1713.0,1723.0,1879.0,1974.0,1215.0,1667.0,1398.0,2001.0,492.0,1677.0,674.0,1989.0,2054.0,1719.0,2240.0,1954.0,1409.0,122.0,1582.0,368.0,1201.0,118.0,1366.0,353.0,1570.0,1712.0,1729.0,1977.0,993.0,634.0,1164.0,890.0,,,,,,,,,,,,,,,,,,,,,,,,
C4_P04_N1_S3_1.JPG,349,1324,574,1728,1835,898,2093,1262,550,893,793,1225,1643,900,1870,1235,2305,1386,2549,1709,2072,935,2320,1265,1860,1350,2099,1709,559,1391,778,1710,2089,1391,2333,1703,2312,934,2543,1265,1638.0,451.0,1881.0,790.0,975.0,1351.0,1213.0,1726.0,1194.0,1385.0,1440.0,1718.0,759.0,1387.0,999.0,1716.0,1667.0,1389.0,1892.0,1702.0,1208.0,902.0,1444.0,1250.0,1442.0,922.0,1674.0,1252.0,2069.0,474.0,2304.0,789.0,986.0,932.0,1220.0,1253.0,1863.0,432.0,2106.0,765.0,333.0,889.0,558.0,1238.0,1408.0,444.0,1651.0,790.0,2292.0,422.0,2528.0,797.0,1439.0,1389.0,1694.0,1710.0,1191.0,418.0,1422.0,791.0,980.0,432.0,1207.0,779.0,770.0,448.0,977.0,769.0,542.0,449.0,782.0,766.0,,,,,,,,,,,,,,,,,,,,,,,,,,,,,,,,,,,,,,,,,,,,,,,,,,,,,,,,,,,,,,,,,,,,,,,,,,,,,,,,,,,,,,,,,,,,,,,,
C4_P04_N2_S2_1.JPG,228,635,472,1052,442,700,686,1047,666,711,908,1049,1123,698,1377,1060,878,661,1143,1056,2288,694,2556,1048,2056,693,2322,1043,1827,646,2078,1043,1373,700,1625,1057,1618,694,1861,1036,,,,,,,,,,,,,,,,,,,,,,,,,,,,,,,,,,,,,,,,,,,,,,,,,,,,,,,,,,,,,,,,,,,,,,,,,,,,,,,,,,,,,,,,,,,,,,,,,,,,,,,,,,,,,,,,,,,,,,,,,,,,,,,,,,,,,,,,,,,,,,,,,,,,,,,,,,,,,,,,,,,,,,,,
C4_P04_N4_S2_1.JPG,1584,673,1843,1044,2285,686,2524,1061,1346,667,1591,1041,683,679,916,1045,2044,670,2304,1056,1822,696,2087,1055,1118,694,1356,1062,893,700,1123,1051,167,691,424,1060,406,699,693,1056,,,,,,,,,,,,,,,,,,,,,,,,,,,,,,,,,,,,,,,,,,,,,,,,,,,,,,,,,,,,,,,,,,,,,,,,,,,,,,,,,,,,,,,,,,,,,,,,,,,,,,,,,,,,,,,,,,,,,,,,,,,,,,,,,,,,,,,,,,,,,,,,,,,,,,,,,,,,,,,,,,,,,,,,
C4_P05_N2_S2_1.JPG,1898,828,2103,1184,1700,830,1906,1179,2138,309,2369,626,1742,322,1962,647,525,293,740,619,353,291,554,631,718,308,952,626,2349,303,2572,632,1499,837,1702,1182,699,831,906,1159,1535.0,317.0,1761.0,636.0,170.0,293.0,383.0,623.0,2324.0,833.0,2518.0,1164.0,2114.0,828.0,2311.0,1171.0,887.0,837.0,1098.0,1160.0,1098.0,836.0,1296.0,1170.0,1953.0,314.0,2175.0,634.0,926.0,300.0,1163.0,629.0,502.0,820.0,712.0,1151.0,309.0,817.0,525.0,1160.0,1291.0,837.0,1496.0,1180.0,127.0,777.0,335.0,1134.0,1125.0,298.0,1346.0,634.0,,,,,,,,,,,,,,,,,,,,,,,,,,,,,,,,,,,,,,,,,,,,,,,,,,,,,,,,,,,,,,,,,,,,,,,,,,,,,,,,,,,,,,,,,,,,,,,,,,,,,,,,,,,,,,,,,,,,
C4_P07_N1_S3_1.JPG,1048,1519,1255,1829,1249,1513,1438,1828,1977,939,2169,1252,2154,386,2357,694,1611,1470,1798,1822,839,1525,1056,1831,464,1483,685,1843,2333,391,2525,687,1799,1467,1990,1814,1595,379,1803,688,1995.0,1491.0,2195.0,1813.0,2150.0,938.0,2355.0,1249.0,1966.0,376.0,2165.0,684.0,274.0,1487.0,485.0,1859.0,1799.0,922.0,2006.0,1239.0,1606.0,932.0,1807.0,1249.0,841.0,927.0,1066.0,1267.0,468.0,907.0,681.0,1267.0,668.0,921.0,887.0,1262.0,852.0,380.0,1061.0,693.0,1429.0,376.0,1632.0,685.0,674.0,385.0,875.0,682.0,116.0,382.0,333.0,690.0,1039.0,923.0,1244.0,1260.0,286.0,894.0,497.0,1264.0,1443.0,1496.0,1621.0,1829.0,1786.0,377.0,1981.0,682.0,492.0,395.0,688.0,686.0,1250.0,924.0,1441.0,1260.0,,,,,,,,,,,,,,,,,,,,,,,,,,,,,,,,,,,,,,,,,,,,,,,,,,,,,,,,,,,,,,,,,,,,,,,,,,,,,,,,,,,,,,,,,,,,
C4_P07_N1_S3_2.JPG,2466,1388,2658,1738,2303,1405,2505,1742,1019,1451,1218,1748,2114,1432,2320,1749,808,1454,1014,1748,2456,875,2665,1184,2461,349,2672,654,2108,892,2319,1187,1919,886,2126,1194,1567,1408,1760,1750,1934.0,1436.0,2130.0,1757.0,1763.0,876.0,1963.0,1187.0,2263.0,870.0,2471.0,1180.0,1760.0,1418.0,1955.0,1757.0,1018.0,858.0,1218.0,1203.0,618.0,1444.0,829.0,1761.0,1568.0,893.0,1775.0,1197.0,829.0,329.0,1029.0,633.0,2115.0,350.0,2315.0,649.0,1375.0,867.0,1583.0,1195.0,625.0,864.0,844.0,1204.0,815.0,871.0,1028.0,1199.0,1390.0,1446.0,1570.0,1759.0,249.0,1423.0,463.0,1762.0,1925.0,341.0,2133.0,643.0,1223.0,1442.0,1406.0,1759.0,468.0,342.0,673.0,627.0,634.0,336.0,842.0,627.0,281.0,334.0,480.0,623.0,453.0,835.0,654.0,1193.0,,,,,,,,,,,,,,,,,,,,,,,,,,,,,,,,,,,,,,,,,,,,,,,,,,,,,,,,,,,,,,,,,,,,,,,,,,,,,,,,,,,,,,,,
C4_P07_N3_S3_1.JPG,1587,1354,1802,1700,1394,1325,1607,1696,1765,1361,1995,1684,1213,1337,1420,1705,677,1349,894,1722,1028,1390,1234,1709,1605,835,1815,1143,841,1367,1052,1723,2288,1345,2511,1682,1807,820,2019,1134,1963.0,1380.0,2184.0,1689.0,1983.0,838.0,2197.0,1129.0,2123.0,1363.0,2346.0,1680.0,290.0,1373.0,502.0,1718.0,1803.0,279.0,2008.0,586.0,481.0,1368.0,699.0,1721.0,1431.0,840.0,1630.0,1137.0,1996.0,291.0,2198.0,579.0,698.0,838.0,902.0,1132.0,1616.0,270.0,1813.0,592.0,489.0,855.0,695.0,1136.0,1049.0,851.0,1263.0,1133.0,1255.0,847.0,1456.0,1136.0,296.0,839.0,511.0,1148.0,2469.0,1341.0,2700.0,1688.0,2147.0,823.0,2379.0,1116.0,2339.0,814.0,2565.0,1113.0,2182.0,282.0,2383.0,585.0,1257.0,281.0,1447.0,587.0,96.0,1346.0,307.0,1718.0,,,,,,,,,,,,,,,,,,,,,,,,,,,,,,,,,,,,,,,,,,,,,,,,,,,,,,,,,,,,,,,,,,,,,,,,,,,,,,,,,,,,,,,,
C4_P08_N1_S3_1.JPG,1816,1609,2046,1928,554,1606,790,1910,2458,383,2685,746,846,372,1073,731,1267,329,1484,740,1475,393,1684,735,1865,417,2079,733,1671,409,1879,724,771,1607,1003,1907,331,1599,575,1914,2279.0,1012.0,2497.0,1330.0,2071.0,1027.0,2295.0,1320.0,2261.0,388.0,2473.0,729.0,1603.0,1604.0,1826.0,1925.0,1054.0,325.0,1286.0,735.0,1204.0,1581.0,1428.0,1916.0,130.0,1602.0,379.0,1920.0,2476.0,1001.0,2699.0,1344.0,993.0,1591.0,1216.0,1917.0,441.0,386.0,655.0,717.0,193.0,978.0,421.0,1299.0,1270.0,1012.0,1491.0,1337.0,2074.0,409.0,2280.0,737.0,641.0,382.0,859.0,725.0,2222.0,1656.0,2453.0,1928.0,622.0,1005.0,859.0,1306.0,1880.0,1024.0,2105.0,1321.0,409.0,1004.0,638.0,1303.0,2427.0,1636.0,2685.0,1927.0,2025.0,1640.0,2246.0,1930.0,1399.0,1586.0,1613.0,1922.0,1687.0,1027.0,1903.0,1322.0,1050.0,1015.0,1273.0,1331.0,833.0,1002.0,1071.0,1304.0,1488.0,1019.0,1706.0,1323.0,,,,,,,,,,,,,,,,,,,,,,,,,,,,,,,,,,,,,,,,,,,,,,,,,,,,,,,,,,,,,,,,,,,,
C4_P08_N1_S4_1.JPG,446,1226,667,1508,274,1204,484,1500,2345,1668,2562,2039,1985,1676,2193,2029,1782,1224,2003,1509,1808,1690,2020,2037,836,1219,1050,1502,1587,1212,1807,1508,303,629,514,950,309,1700,510,2041,499.0,661.0,718.0,953.0,1425.0,1690.0,1649.0,2027.0,661.0,1698.0,887.0,2021.0,1636.0,1679.0,1852.0,2035.0,1234.0,1196.0,1438.0,1515.0,2331.0,1213.0,2571.0,1501.0,482.0,1724.0,700.0,2033.0,2214.0,665.0,2419.0,971.0,1033.0,1195.0,1239.0,1501.0,1243.0,1697.0,1455.0,2028.0,699.0,665.0,911.0,950.0,2182.0,1669.0,2379.0,2038.0,2368.0,83.0,2574.0,434.0,644.0,1218.0,852.0,1508.0,2026.0,667.0,2237.0,968.0,1050.0,1731.0,1263.0,2029.0,1398.0,1195.0,1604.0,1513.0,2131.0,1233.0,2361.0,1506.0,886.0,652.0,1100.0,938.0,1832.0,669.0,2039.0,971.0,703.0,110.0,915.0,423.0,503.0,98.0,728.0,412.0,1662.0,675.0,1869.0,959.0,1958.0,1231.0,2192.0,1506.0,2187.0,86.0,2391.0,425.0,1270.0,654.0,1485.0,958.0,1478.0,666.0,1681.0,962.0,1817.0,140.0,2021.0,427.0,1644.0,134.0,1840.0,428.0,853.0,1713.0,1073.0,2021.0,1103.0,639.0,1314.0,941.0,2387.0,658.0,2571.0,978.0,,,,,,,,,,,,,,,,,,,,,,,,,,,,,,,,,,,,,,,,
C4_P08_N1_S5_2.JPG,1561,1097,1697,1262,1294,1057,1445,1263,1735,674,1854,874,1711,251,1862,496,375,662,525,865,1577,252,1720,486,512,659,666,871,352,1042,507,1259,484,1050,636,1256,1594,660,1738,884,1475.0,671.0,1604.0,868.0,1711.0,1077.0,1842.0,1256.0,1560.0,1383.0,1709.0,1635.0,228.0,1042.0,378.0,1250.0,1436.0,1397.0,1578.0,1634.0,387.0,259.0,541.0,481.0,1152.0,1049.0,1301.0,1271.0,251.0,655.0,396.0,856.0,260.0,252.0,409.0,479.0,500.0,1393.0,654.0,1621.0,1700.0,1377.0,1841.0,1635.0,1305.0,1402.0,1455.0,1631.0,1437.0,1083.0,1573.0,1255.0,1184.0,1394.0,1342.0,1630.0,909.0,1401.0,1056.0,1625.0,1453.0,275.0,1602.0,489.0,1048.0,1399.0,1197.0,1630.0,1215.0,663.0,1345.0,863.0,1338.0,669.0,1466.0,872.0,268.0,1392.0,403.0,1620.0,1312.0,281.0,1466.0,495.0,795.0,238.0,945.0,472.0,381.0,1405.0,531.0,1623.0,647.0,660.0,794.0,865.0,650.0,260.0,797.0,486.0,615.0,1046.0,772.0,1251.0,,,,,,,,,,,,,,,,,,,,,,,,,,,,,,,,,,,,,,,,,,,,,,,,,,,,,,,,,,,,,,,,
C4_P08_N2_S2_1.JPG,1833,924,2080,1252,505,911,769,1243,1190,889,1426,1244,723,906,988,1224,284,905,542,1232,1616,911,1855,1245,2053,960,2294,1255,2267,957,2513,1261,1917,297,2149,627,1703,301,1936,622,967.0,897.0,1208.0,1242.0,2332.0,301.0,2573.0,640.0,1489.0,302.0,1717.0,627.0,1263.0,289.0,1497.0,624.0,1400.0,890.0,1636.0,1245.0,2128.0,300.0,2357.0,627.0,68.0,906.0,329.0,1237.0,1039.0,280.0,1272.0,614.0,2550.0,285.0,2760.0,649.0,118.0,246.0,357.0,592.0,347.0,274.0,595.0,602.0,574.0,282.0,826.0,608.0,806.0,280.0,1047.0,610.0,,,,,,,,,,,,,,,,,,,,,,,,,,,,,,,,,,,,,,,,,,,,,,,,,,,,,,,,,,,,,,,,,,,,,,,,,,,,,,,,,,,,,,,,,,,,,,,,,,,,,,,,,,,,,,,,,,,,
C4_P08_N3_S3_1.JPG,1740,859,1979,1244,1494,829,1727,1235,1422,1554,1665,1869,1021,897,1263,1244,1272,831,1507,1242,1659,1549,1889,1871,757,1532,994,1876,794,902,1032,1227,1961,867,2189,1239,981,1525,1218,1873,1686.0,252.0,1964.0,597.0,1203.0,1522.0,1437.0,1867.0,570.0,863.0,810.0,1227.0,1469.0,232.0,1716.0,605.0,2166.0,835.0,2415.0,1240.0,114.0,876.0,363.0,1239.0,1235.0,229.0,1473.0,610.0,355.0,891.0,591.0,1236.0,1917.0,256.0,2205.0,603.0,1878.0,1483.0,2115.0,1856.0,1001.0,220.0,1249.0,599.0,2393.0,841.0,2642.0,1242.0,290.0,1471.0,540.0,1865.0,2156.0,250.0,2421.0,609.0,539.0,1537.0,769.0,1871.0,2316.0,1520.0,2586.0,1851.0,758.0,242.0,1001.0,581.0,2543.0,1523.0,2801.0,1858.0,2384.0,265.0,2663.0,614.0,,,,,,,,,,,,,,,,,,,,,,,,,,,,,,,,,,,,,,,,,,,,,,,,,,,,,,,,,,,,,,,,,,,,,,,,,,,,,,,,,,,,,,,,,,,,
